{
  "results": [
    {
      "command": "'../build/benchmarks/word_counter_bench' 'enwiki-multistream.xml' 'output.txt'",
      "mean": 72.21194755984001,
      "stddev": 1.6310199061421764,
      "median": 71.51647072264001,
      "user": 69.89196481999998,
      "system": 1.32618488,
      "min": 71.03712763914001,
      "max": 75.79336388914001,
      "times": [
        71.03712763914001,
        71.56520188914001,
        71.39425468014001,
        71.18805580514001,
        71.65364509714,
        72.24646384814001,
        71.46773955614,
        71.18058605514001,
        75.79336388914001,
        74.59303713914001
      ],
      "exit_codes": [
        0,
        0,
        0,
        0,
        0,
        0,
        0,
        0,
        0,
        0
      ]
    }
  ]
}
